Column 1,Column 2,Type,Column 3,Column 4
2015/514,CD du Eric Tru  az Quartet,Musique,FOUFINO PRODUCTION,6000
2015/899,CD de Mohamed Abozekry,Musique,FULL RHIZOME,4000
2015/762,CD de Yom,Musique,FULL RHIZOME,4300
2015/659,CD du Hawniyaz Ensemble,Musique,FULL RHIZOME,11500
2015/559,CD « Les Minuscules » - Christian Gonon,Musique,GALLIMARD JEUNESSE,328
2015/196,CD de Géraldine Laurent,Musique,GAZEBO,6400
2015/504,CD de Govrache,Musique,GOVRACHE,3150
2015/959,CD de Tweakers,Musique,HADRA,4300
2015/42,CD de Lovpact,Musique,HADRA,2000
2015/305,CD de Patrick Fournier,Musique,HARPO,4500
2015/971,CD du Florian Pellissier Quintet,Musique,HEAVENLY SWEETNESS,3100
2015/138,CD de The Rongetz Foundation,Musique,HEAVENLY SWEETNESS,6300
2015/896,CD de Jean-Philippe Lafont et Tristan Raës,Musique,HORTUS DEVELOPPEMENT,3100
2015/859,CD de  Cristiano Holtz,Musique,HORTUS DEVELOPPEMENT,7000
2015/744,CD de Matteo Fossi,Musique,HORTUS DEVELOPPEMENT,7000
2015/662,CD de Thomas Ospital,Musique,HORTUS DEVELOPPEMENT,5800
2015/577,CD du duo Françoise Masset et Anne Le Bozec,Musique,HORTUS DEVELOPPEMENT,7900
2015/492,CD de Jean-Baptiste Dupont,Musique,HORTUS DEVELOPPEMENT,3700
2015/428,CD de Michel Bouvard,Musique,HORTUS DEVELOPPEMENT,7500
2015/292,CD du Duo Sutre Vanhauvaert,Musique,HORTUS DEVELOPPEMENT,2200
2015/207,CD du duo Les Donneurs de Sérénade,Musique,HORTUS DEVELOPPEMENT,6200
2015/78,CD du trio Steuermann,Musique,HORTUS DEVELOPPEMENT,6000
2015/927,"CD de Shola Adisa - Farrar 
& le Florian Pellissier Quintet",Musique,HOT CASA,7400
2015/205,CD de Djeuh Djoah & Lieutenant Nicholson,Musique,HOT CASA,2800
2015/814,CD du Michel Cloup Duo,Musique,ICI D'AILLEURS,1400
2015/361,CD des Marquises,Musique,ICI D'AILLEURS,2300
2015/517,CD de Matt Elliott,Musique,ICI D'AILLEURS,7500
2015/911,CD de Seb El Zin,Musique,IGUANE SERIEL,1800
2015/479,CD de Ithak,Musique,IGUANE SERIEL,8200
2015/297,CD du groupe Anarchist Republic of Bzzz,Musique,IGUANE SERIEL,5700
2015/923,CD de In The Canopy,Musique,IN THE CANOPY,8300
2015/857,CD de Cubenx,Musique,INFINE,6700
2015/722,CD de Pedro Soler et Gaspar Claus,Musique,INFINE,3700
2015/320,CD de Bruce Brubaker,Musique,INFINE,3400
2015/962,CD du groupe Exsonvaldes,Musique,INTERFERENCE,3300
2015/627,CD du groupe Zone Libre,Musique,INTERVALLE TRITON,3786
2015/403,CD de Nathan Delacroix,Musique,IPANEMA MUSIC,2350
2015/811,CD de L'Arthur (EP),Musique,ISEGORIA MUSIC,2050
2015/585,CD de l'ensemble Luxus,Musique,JAZZ BANK ASSOCIATION,3933
2015/638,CD de Pascal Gallois & l'ensemble Ice,Musique,JAZZ BANK ASSOCIATION,6000
2015/634,CD de Nicola Son,Musique,JOAO DEL,9000
2015/121,CD de Lorenzo Caminotti,Musique,"KARTELL INDEPENDANT FORCE 
MUSIC",3200
2015/336,CD de Phil Barney,Musique,KEEBA MUSIC PRODUCTIONS,6200
2015/752,CD de Solenn Lefeuvre et Gilles Le Bigot,Musique,KELTIA MUSIQUE,5600
2015/325,CD du New Symphony Orchestra,Musique,KELTIA MUSIQUE,2800
2015/319,CD de Citizens!,Musique,KITSUNE MUSIQUE,11600
2015/834,CD « Claude Gueux » - David Beaulieu,Musique,KOS AND CO,1700
2015/529,CD d'Alexandre Delano,Musique,KÜTU FOLK RECORDS,5700
2015/830,CD de Barry,Musique,KWAIDAN,6500
2015/718,CD de Wendy Bevan,Musique,KWAIDAN,8093
2015/687,CD de Liset Alea,Musique,KWAIDAN,4150
2015/404,CD de The Living Gods of Haïti,Musique,KWAIDAN,8444
2015/278,CD de Mélanie Pain,Musique,KWAIDAN,6200
2015/169,CD de Jenia Lubich,Musique,KWAIDAN,5500
2015/950,CD de La Canaille,Musique,LA CANAILLE,10300
2015/70,CD de L'Etrangleuse,Musique,LA CURIEUSE,5300
2015/91,CD « Le son du ciel et des ténèbres »,Musique,LA FORGE,3700
2015/944,CD d'Adrien La Marca,Musique,LA PRIMA VOLTA,9500
2015/208,CD de Plantec,Musique,AZTEC MUSIQUE,6700
2015/124,CD de K'Reen,Musique,AZTEC MUSIQUE,5900
2015/427,CD de Jean-Marc Sauvagnargues,Musique,BABOEUP PRODUCTIONS,10900
2015/966,CD d'Anakronic,Musique,BALAGAN BOX,6300
2015/723,CD de Louis Ville,Musique,BALANDRAS EDITIONS,8500
2015/835,CD de Morgane Imbeaud,Musique,BELLEVILLE MUSIQUE,4900
2015/625,CD de Lewis Evans,Musique,BELLEVILLE MUSIQUE,8400
2015/359,CD d'El Gato Preto,Musique,BELLEVILLE MUSIQUE,5800
2015/516,CD de Aaron,Musique,BIRDS IN THE STORM,6000
2015/972,CD des Enfantastiques,Musique,BIZOU MUZIC,6800
2015/842,CD de Lammart Mason & The Strings,Musique,BLACK STAMP MUSIC,10600
2015/733,CD du groupe The Strings,Musique,BLACK STAMP MUSIC,9214
2015/669,CD du Mojo Black Orchestra,Musique,BLACK STAMP MUSIC,9400
2015/593,CD des Soul Jazz Rebels,Musique,BLACK STAMP MUSIC,6300
2015/290,CD du Black Stamp Quartet,Musique,BLACK STAMP MUSIC,4000
2015/400,CD de Mr Wins,Musique,BLACK STAMP MUSIC,5855
2015/317,CD des Chirurgiens,Musique,BLACK STAMP MUSIC,4100
2015/222,CD de 4 Pleasures Band,Musique,BLACK STAMP MUSIC,4600
2015/438,CD de Frederic Borey,Musique,BLUE MOON PRODUCIONES,6390
2015/747,CD de Léo Sidran & The French Boys (live),Musique,BONSAÏ BOOKING & MANAGEMENT,7046
2015/203,CD de Dino Rubino,Musique,BONSAÏ BOOKING & MANAGEMENT,2800
2015/82,CD de Matthieu Boré,Musique,BONSAÏ BOOKING & MANAGEMENT,6700
2015/76,"CD du trio Pieranunzi, Ceccarelli, Imbert",Musique,BONSAÏ BOOKING & MANAGEMENT,5100
2015/508,CD de Marietta,Musique,BORN BAD RECORDS,4400
2015/596,CD des Weepers Circus,Musique,BOULE A ZERO PRODUCTIONS,6000
2015/58,CD de Paria Madeus,Musique,BOUMQUEUR EDITION,5000
2015/149,CD de Gaël Horellou (live),Musique,BREAKZ,2300
2015/905,CD de Louve,Musique,BULL SHEET MUSIC,4600
2015/887,CD de Al Delort,Musique,CAN I PRODUCTION,10400
2015/775,CD « Résiste La Comédie Musicale »,Musique,CMBM,6000
2015/556,CD de Nolwenn Korbell,Musique,COOP BREIZH DIFFUSION BREIZH,7400
2015/557,CD de Talec & Noguet,Musique,COOP BREIZH DIFFUSION BREIZH,2600
2015/365,CD de Denez Prigent,Musique,COOP BREIZH DIFFUSION BREIZH,4000
2015/164,CD de Sheyla Costa,Musique,COSTA PROD,3300
2015/217,CD d'Olivier Ker Ourio,Musique,COTE COUR PRODUCTION,6600
2015/851,CD de Catia Werneck,Musique,CRISTAL PUBLISHING,3050
2015/626,CD d'Alice Ricciardi & Olivier Hutman,Musique,CRISTAL PUBLISHING,4500
2015/921,CD de Florian Noack,Musique,D2C PRODUCTION & MANAGEMENT,3100
2015/844,CD de Benedek Horvath,Musique,D2C PRODUCTION & MANAGEMENT,3200
2015/77,CD de Jocelyn Aubrun,Musique,D2C PRODUCTION & MANAGEMENT,3600
2015/729,CD de Ran Jia,Musique,D2C PRODUCTION & MANAGEMENT,3400
2015/87,CD de Gabriel Urgell Reyes,Musique,D2C PRODUCTION & MANAGEMENT,2000
2015/39,CD de Romain Descharmes,Musique,D2C PRODUCTION & MANAGEMENT,3000
2015/891,CD de Abel,Musique,DESSOUS DE SCENE PRODUCTIONS,2600
2015/43,CD de Dimitri Nirman,Musique,DIMOOK PROMOTIONS,6800
2015/928,CD de Dominik Coco,Musique,DON'S MUSIC,11980
2015/197,CD du groupe 58 Shots,Musique,DP PRODUCTION,6000
2015/658,CD de Stratovarius,Musique,EDEL GERMANY GMBH,10700
2015/663,CD de Deep Purple (live Tokyo et Hambourg),Musique,EDEL GERMANY GMBH,3400
2015/654,CD Alan Parsons Project,Musique,EDEL GERMANY GMBH,3500
2015/676,CD de Lisa Stansfield (live),Musique,EDEL GERMANY GMBH,8900
2015/673,CD de Deep Purple (live Wacken),Musique,EDEL GERMANY GMBH,3750
2015/48,CD du groupeThunder,Musique,EDEL GERMANY GMBH,10400
2015/865,CD de Jean Andréo,Musique,EDITIONS MUSICALES LUGDIVINE,3500
2015/748,CD de Marvin Parks,Musique,EDIZIONI ISHTAR,12000
2015/721,CD de Voilaaa,Musique,"FAVORITE RECORDINGS/PUSHER 
DISTRIBUTION",9154
2015/433,CD de Lucas Arruda,Musique,"FAVORITE RECORDINGS/PUSHER 
DISTRIBUTION",9824
2015/666,CD de The One Armed Man,Musique,FLYING COW PROD,7400
2015/672,CD de The Amazing Keystone Big Band,Musique,"MUSICAL ORGANIZATION 
FOR ORIGINAL SHOWS",4350
2015/908,CD de La Femme,Musique,MUSIQUE EN SOCIETE,12000
2015/194,CD de Xanthoula Dakovanou et l'ensemble Anassa,Musique,MUSIQUES ET INTERPRETES,7400
2015/967,CD de Tony Hymas,Musique,NATO,2600
2015/573,CD d'Ursus Minor,Musique,NATO,4916
2015/36,"CD du trio Séguron, Delaunay, Seru",Musique,NATO,3300
2015/506,CD de Ballaké Sissoko & Vincent Segal,Musique,NO FORMAT,6900
2015/148,CD de Nicolas Vidal,Musique,NOUVELLE VERSION,2700
2015/307,CD de Everydayz & Phazz,Musique,NOWADAYS RECORDS,1900
2015/954,CD de Mathis Haug,Musique,NUEVA ONDA PRODUCTION,3000
2015/789,CD de Fake Idea,Musique,ON N'EST PAS DES MACHINES,6000
2015/37,CD de Max Livio (EP Acoustique),Musique,ON N'EST PAS DES MACHINES,1900
2015/150,CD du groupe Bodybeat,Musique,ONCLE VIKING,6400
2015/671,CD du quartet The Workshop,Musique,ONZE HEURES ONZE,5800
2015/500,CD de Oxyd,Musique,ONZE HEURES ONZE,7800
2015/329,CD d'Edouard Ferlet & Orlando Bass,Musique,OPUS 87,2200
2015/330,CD de Hinzi Zahra,Musique,OURSOUL RECORDS,6200
2015/668,CD de Leïla Ssina,Musique,PADBLEM,9300
2015/870,CD de Fragments,Musique,PATCHROCK,5200
2015/707,CD de D'Arsy,Musique,PBOX SARL,10600
2015/712,CD de Marcel Kanche,Musique,PBOX SARL,2000
2015/605,CD du groupe Phildissime,Musique,PHILDISSIME,6300
2015/339,CD d'Anne Carleton,Musique,PHILIPPE GYAN,2000
2015/595,CD des Shaggy Dogs,Musique,PILE OU FACE,7700
2015/507,CD de Tony Allen,Musique,PLANET WOO,3000
2015/670,CD de Tatiana Zelikman,Musique,PRESTIGE CONCERTS,7100
2015/412,CD de Pierre Chalmeau,Musique,PRESTIGE CONCERTS,3250
2015/171,CD de Vladimir Tropp,Musique,PRESTIGE CONCERTS,3100
2015/390,CD de Valentin Vander,Musique,PRODUCTIONS GUILLOU FRERES,2800
2015/686,CD de Patton,Musique,PROHIBITED RECORDS,4700
2015/324,CD de Don Nino,Musique,PROHIBITED RECORDS,2200
2015/734,CD des Chantres du Thoronet,Musique,PSALMUS,2700
2015/89,CD d'Örsten Kärki,Musique,PSCHENT  MUSIC,2700
2015/904,CD de Red Eyes Band,Musique,PULL UP,8600
2015/888,CD des Comptes de Korsako,Musique,PUZZLE,6900
2015/276,CD de Gaël Rouilhac & Thomas Ezekiel,Musique,QUART DE LUNE,3800
2015/813,CD de Chloé Mons,Musique,RED AND STAR,3500
2015/313,CD du groupe Le Trottoir d'en face,Musique,RÊV 2 DRÔLES,5800
2015/895,CD de Alain Wodrascka,Musique,ROOT'ZIK PRODUCTION,4000
2015/960,CD de Jil is Lucky,Musique,ROY MUSIC,6600
2015/92,CD de Make The Girl Dance,Musique,ROY MUSIC,6900
2015/333,"CD de l'Orchestre Philharmonique Slovaque 
de Kosice",Musique,SCAM,1900
2015/533,CD de Vincent Figuri et Eva Cendors,Musique,SALAMANDRE,1600
2015/827,"CD Jacob, « Jacob » - Eric Génovèse",Musique,SARL CDL EDITIONS,2100
2015/717,CD « Retour au pays bleu » - Annie Berrebi,Musique,SARL CDL EDITIONS,1000
2015/692,CD « Une terre pour demain » - Jean Barrier,Musique,SARL CDL EDITIONS,1000
2015/430,CD « La grange de Rochebrune » - Henri Boillot,Musique,SARL CDL EDITIONS,1450
2015/306,CD « Hippocrate aux enfers » - Michel Cymes,Musique,SARL CDL EDITIONS,1500
2015/441,CD de François Elie Roulin,Musique,SAVOIR F.E.R.,4850
2015/854,CD de Christine Salem,Musique,SEBASTIEN ZAMORA,12000
2015/294,CD de Vincha,Musique,SEBASTIEN ZAMORA,6300
2015/156,CD de Klô Pelgag,Musique,SEBASTIEN ZAMORA,6400
2015/45,CD de Jenny Lysander,Musique,SEBASTIEN ZAMORA,10000
2015/182,CD de Nekfeu,Musique,SEINE ZOO,5900
2015/523,CD de Kayna Samet,Musique,SIX-O-NINE,6000
2015/684,CD de Jean-Pierre Ferey,Musique,SKARBO,6200
2015/301,CD de Garner,Musique,SOCKET BLUES PRODUCTION,7300
2015/711,CD de Haute (EP),Musique,SOL,1500
2015/848,CD de Pascal Amoyel,Musique,LA PRIMA VOLTA,8100
2015/679,CD de Roger Muraro,Musique,LA PRIMA VOLTA,3200
2015/807,CD de Laurent Deschamps,Musique,LA TETE A TOTO,5000
2015/153,CD d'Olivier Sens et Juanjo Mosalini,Musique,"LA ZAM (ZONE D'ACTIVITÉ 
MUSICALES)",2000
2015/442,CD de l'Ensemble Pasticcio Barocco,Musique,LABEL HERISSON,5984
2015/122,CD du Octuor Mirae,Musique,LABEL HERISSON,4000
2015/338,CD de Jean-Pierre Como,Musique,L'AME SOEUR,1800
2015/501,CD du groupe Out Of Nola,Musique,LAMR,9800
2015/312,CD de La Machine Ronde,Musique,LAMR,7300
2015/710,CD de l'ensemble Desmarest et Maïlys de Viloutreys,Musique,LE BALCON MEDIA,4400
2015/565,CD de Bouche de Crocodile,Musique,LE BATISKAF,7100
2015/528,CD de Laura Cahen,Musique,LE PHONOGRAPHE,5900
2015/125,CD de Zaza Fournier,Musique,LE RAT DES VILLES,4500
2015/755,CD des Harpies,Musique,L'ENCELADE,9032
2015/434,CD « Musique de chambre de Bassano »,Musique,L'ENCELADE,8351
2015/65,CD d'Elisabeth Joyé,Musique,L'ENCELADE,3000
2015/199,CD de Republik,Musique,LES AMIS DU TUCHENN KADOR,6400
2015/932,CD de Jésus Christ Fashion Barbe,Musique,LES DISQUES ALIENOR,5600
2015/85,CD de Shiko Shiko,Musique,LES DISQUES ALIENOR,3600
2015/192,CD de Syrano,Musique,LES DOIGTS DANS L'ZEN,7800
2015/745,CD de Manu Lods,Musique,LES GUITARES EN BOIS,3200
2015/266,CD d'Olivier Le Goas,Musique,LIB ERRANCE,5600
2015/534,CD de Panorama Circus,Musique,LIFESTYLE SOUNDS,5200
2015/900,CD de Cum Jubilo,Musique,LIGIA DIGITAL,6400
2015/847,CD d'Olivier Vernet,Musique,LIGIA DIGITAL,5700
2015/771,CD de Laurent Beyhurst,Musique,LIGIA DIGITAL,7400
2015/570,CD « Musique de chambre »,Musique,LIGIA DIGITAL,9000
2015/518,CD de Pierre-Emmanuel Vaudiaux et Josep Cabré,Musique,LIGIA DIGITAL,6600
2015/409,CD du Nicolas Parent Trio,Musique,L'INTEMPOREL,3536
2015/912,CD de Seheno,Musique,LOKANGA,5500
2015/574,CD de Bobby & Sue,Musique,L'ORIENT' ARTIST,7400
2015/520,CD de Ryoko Nuruki,Musique,L'OZ PRODUCTION,2600
2015/406,CD de Disiz,Musique,LUCIDREAM,12000
2015/41,CD de Kody,Musique,MADISON MUSIC,2900
2015/284,CD de Baptiste W Hamon,Musique,MANASSAS,6700
2015/84,CD de Sam'M,Musique,MAP,11200
2015/566,CD de Catherine May Atlani,Musique,MISTIROUX PRODUCTIONS,5600
2015/630,CD d'Abou Diarra,Musique,MIX & METISSE & CO,8200
2015/255,CD de Nobilis,Musique,MJF,9100
2015/765,CD de MA2X,Musique,MONSTRE MARIN CORPORATION,6000
2015/737,CD de Vitaa,Musique,MONSTRE MARIN CORPORATION,12000
2015/560,CD d'Amalya,Musique,MONSTRE MARIN CORPORATION,12000
2015/94,CD de Ladji Diallo,Musique,MONTHABOR,2500
2015/223,CD de Igit,Musique,MOONKEYS MUSIC,3900
2015/388,CD du groupe ASM,Musique,MORGANE MARSHALL,11100
2015/323,CD de Yuval Amihai,Musique,MOUZIKALI,2600
2015/331,CD deThe Patriotic Sunday,Musique,MURAILLES MUSIC,3100
2015/213,CD de Papier Tigre,Musique,MURAILLES MUSIC,4300
2015/836,CD de Presque Nous,Musique,MUSIC BOX PUBLISHING,2200
2015/930,CD de l'Ensemble Guidantus,Musique,MUSIC SQUARE / INDESENS,7100
2015/815,CD de Pierre-Stéphane Meuge,Musique,MUSIC SQUARE / INDESENS,8800
2015/738,CD « Monographie Karol Beffa »,Musique,MUSIC SQUARE / INDESENS,5200
2015/657,CD « American Classics »,Musique,MUSIC SQUARE / INDESENS,12000
2015/527,CD de Daniela Koch et Olivier Triendl,Musique,MUSIC SQUARE / INDESENS,2300
2015/279,CD de l'Orchestre des Pays de Savoie,Musique,MUSIC SQUARE / INDESENS,4700
2015/216,CD de Thierry Gervais,Musique,MUSIC SQUARE / INDESENS,8900
2015/831,CD « Chansons de France »,Musique,"MUSICAL ORGANIZATION 
FOR ORIGINAL SHOWS",3900
2015/688,CD de Synapson,Musique,SOL,4000
2015/916,CD de Moh,Musique,SOLI'MUSIQUE,8900
2015/910,CD « Le voyage d'Octavio » - Miguel Bonnefoy,Musique,SONOBOOK,1300
2015/906,"CD « Madame Ti mène l'enquête » - Emmanuelle 
Cazal",Musique,SONOBOOK,1500
2015/677,CD « La technique du succès » - Frédéric Fournier,Musique,SONOBOOK,1300
2015/681,CD « Nana » - Victor Vestia,Musique,SONOBOOK,800
2015/200,"CD Allah est grand la République aussi » - Delphine 
Alvado",Musique,SONOBOOK,1600
2015/567,CD de Kan-J,Musique,SOUND EFFECT KILLER KAYCI IMAGE,8500
2015/158,CD de Kiddam and People,Musique,SOUND EFFECT KILLER KAYCI IMAGE,3700
2015/303,CD de Laurent Coulondre,Musique,SOUND SURVEYOR SARL,2200
2015/953,CD de The Luna Spark (EP),Musique,SPHERE FRANCE,6200
2015/817,CD des Waykopp (EP),Musique,SPHERE FRANCE,4900
2015/823,CD du groupe Cache Candy,Musique,SPHERE FRANCE,10500
2015/730,CD de Holy Jack,Musique,SPHERE FRANCE,10000
2015/664,CD de Maeva,Musique,SPHERE FRANCE,3200
2015/644,CD de Again,Musique,SPHERE FRANCE,2750
2015/93,CD de Lady Fuel,Musique,SPHERE FRANCE,4900
2015/591,CD de Jain,Musique,SPOOKLAND,9800
2015/44,CD du groupe Stabar,Musique,STABAR,5700
2015/513,CD de The Ensemble,Musique,STATICA,5000
2015/51,CD de Dark Blue Orchestra,Musique,STATICA,6800
2015/833,CD de Krys,Musique,STEP OUT PRODUCTIONS,5800
2015/926,CD de Ibrahima Cissokho et le Mandinguee Foly,Musique,STUDIO NOMADE PRODUCTIONS,8500
2015/955,CD de Deltas,Musique,SUPER RECORDS,3300
2015/951,CD de Rit (EP),Musique,SUPER RECORDS,6100
2015/572,CD de Sofiane Saidi,Musique,SUPERSOUND,8200
2015/821,CD de Jacko with Bambool,Musique,SWEET WATERS,9200
2015/505,CD de Stranded Horse,Musique,TALITRES,1900
2015/161,CD de Tedmo Festival,Musique,TEDMO FESTIVAL,3500
2015/582,CD de Soria,Musique,TEMPO,9800
2015/326,CD d'Alain Bouvet,Musique,THIEBAULT GENEVIEVE,1600
2015/720,CD « Oda a Montségur »,Musique,TROBA VOX,11804
2015/426,CD « Medievalia »,Musique,TROBA VOX,7748
2015/304,CD de Maayan,Musique,TROBA VOX,2200
2015/332,CD de l'Ensemble Witiza,Musique,TROBA VOX,2800
2015/206,CD d'Ariane Wohlhuter & Philippe Mouratoglou,Musique,TROBA VOX,2700
2015/408,CD de The Cool Feedback Quartet,Musique,TROIS JEUNES TAMBOURS,8000
2015/295,CD de Vegomatic,Musique,TROIS JEUNES TAMBOURS,1800
2015/80,CD de Jean-Michel Haye,Musique,TROIS JEUNES TAMBOURS,2900
2015/777,CD de Clio,Musique,UGO AND PLAY,2400
2015/592,CD de Jehan et Lionel Suarez,Musique,ULYSSE PRODUCTIONS,7600
2015/731,CD de Pain Noir,Musique,UN PLAN SIMPLE,4886
2015/690,CD des WWWY,Musique,UN PLAN SIMPLE,12000
2015/632,CD de Marvin Jouno,Musique,UN PLAN SIMPLE,12000
2015/490,CD de Blondino (EP),Musique,UN PLAN SIMPLE,2200
2015/489,CD de Elephant,Musique,UN PLAN SIMPLE,12000
2015/381,CD de Louves (EP),Musique,UN PLAN SIMPLE,8060
2015/399,CD de Marvin Jouno (EP),Musique,UN PLAN SIMPLE,7942
2015/328,CD de Cyril Mokaiesh et Giovanni Mirabassi,Musique,UN PLAN SIMPLE,2900
2015/943,CD de Izarry,Musique,UNIMUSIC,4400
2015/74,CD de Izarry,Musique,UNIMUSIC,5700
2015/380,CD de Valérie Ekoumè,Musique,VAL2VAL PROD,12000
2015/936,CD de Skunk Anansie,Musique,VERYCORDS,12000
2015/852,CD de Darcy,Musique,VERYCORDS,9500
2015/858,CD de Misia,Musique,VERYCORDS,10600
2015/763,CD des Wampas,Musique,VERYCORDS,12000
2015/761,CD de Sugar & Tiger,Musique,VERYCORDS,11040
2015/653,CD Autour De La Guitare (live),Musique,VERYCORDS,10400
2015/624,CD de Mass Hysteria,Musique,VERYCORDS,9600
2015/683,CD de Paul Personne (live),Musique,VERYCORDS,9500
2015/519,CD de The Arrs,Musique,VERYCORDS,10700
2015/531,CD de Sergent Garcia,Musique,VERYCORDS,10600
2015/421,CD de Dominik Nicolas,Musique,VERYCORDS,12000
2015/416,CD de Koritni,Musique,VERYCORDS,6000
2015/350,CD de K's Choice,Musique,VERYCORDS,6100
2015/273,CD de Dagoba,Musique,VERYCORDS,6100
2015/335,CD de No One Is Innocent,Musique,VERYCORDS,6500
2015/211,CD de Dallas Frascas,Musique,VERYCORDS,8200
2015/214,CD de Klone,Musique,VERYCORDS,8100
2015/210,CD de Bukowski,Musique,VERYCORDS,4000
2015/40,CD de Pierpoljak,Musique,VERYCORDS,9700
2015/69,CD du Peuple de l'Herbe,Musique,VERYCORDS,5700
2015/68,CD de Black Bomb A,Musique,VERYCORDS,4900
2015/287,CD de Mansfield. Tya,Musique,VICIOUS CIRCLE,8400
2015/920,CD de « Stéphane Huchard est Stuch »,Musique,VLF PRODUCTIONS,7500
2015/678,CD de Christophe Laborde,Musique,VLF PRODUCTIONS,6700
2015/491,CD de Fab Swing,Musique,VLF PRODUCTIONS,6700
2015/693,CD de Lydia Martinico,Musique,VLF PRODUCTIONS,9400
2015/191,CD de La Goutte,Musique,WAGON BAR,6000
2015/362,CD de Watengwa,Musique,WEPRESENT,4700
2015/167,CD de Tina Mweni,Musique,WEPRESENT,5000
2015/629,CD « Nanan ! »,Musique,Z PRODUCTION,6700
2015/435,CD du Josef Bilek Exzperienz,Musique,Z PRODUCTION,7000
2015/90,CD de Zebra,Musique,ZEBRAMIX,4300
2015/913,CD de Electric Blues Duo (EP),Musique,ZIK DES MUSES,2700
2015/909,CD de Jacques Vandome,Musique,ZOUK ENTERPIES,3800
2015/28,convention SCPP/La Manufacture Chanson,Spectacles vivants,ACP LA MANUFACTURE CHANSON,22500
2015/29,convention SCPP/LKF & Partenaires,Spectacles vivants,LKF & PARTENAIRES,18360
2015/30,convention SCPP/Studio des Variétés,Spectacles vivants,STUDIO DES VARIETES,66000
2015/1,convention SCPP/Athénée Théâtre,Spectacles vivants,THEATRE DE L'ATHENEE,24800
2015/26,convention SCPP/Badaboum,Spectacles vivants,BADABOUM,5632
2015/3,convention SCPP/Cabaret Sauvage,Spectacles vivants,LE CABARET SAUVAGE,12480
2015/4,convention SCPP/Café de la Danse,Spectacles vivants,CAFE DE LA DANSE,38400
2015/12,convention SCPP/Divan du Monde,Spectacles vivants,LE DIVAN DU MONDE,14400
2015/6,convention SCPP/Jane Club,Spectacles vivants,JANE CLUB,2880
2015/8,convention SCPP/La Bellevilloise,Spectacles vivants,ORIZA-LA BELLEVILLOISE,10080
2015/9,convention SCPP/La Boule Noire,Spectacles vivants,LA BOULE NOIRE,15360
2015/10,convention SCPP/La Dame de Canton,Spectacles vivants,LA DAME DE CANTON,2144
2015/11,convention SCPP/La Maroquinerie,Spectacles vivants,LA MAROQUINERIE,18400
2015/15,convention SCPP/Le Trabendo,Spectacles vivants,LE TRABENDO,11520
2015/16,convention SCPP/Le Triton,Spectacles vivants,LE TRITON,1920
2015/17,convention SCPP/Le Zèbre de Belleville,Spectacles vivants,LE ZEBRE DE BELLEVILLE,8960
2015/18,convention SCPP/Les Trois Baudets,Spectacles vivants,LES TROIS BAUDETS,12160
2015/7,convention SCPP/L'Européen,Spectacles vivants,STACCATO-L EUROPEEN,13440
2015/20,convention SCPP/New Morning,Spectacles vivants,NEW MORNING,36960
2015/21,convention SCPP/Nouveau Casino,Spectacles vivants,NOUVEAU CASINO,5280
2015/22,convention SCPP/Pan Piper,Spectacles vivants,PAN PIPER,8160
2015/23,convention SCPP/Petit Bain,Spectacles vivants,PETIT BAIN,12800
2015/24,convention SCPP/Point Ephémère,Spectacles vivants,POINT EPHEMERE,14080
2015/14,convention SCPP/Sentier des Halles,Spectacles vivants,SENTIER DES HALLES,1920
2015/27,convention SCPP/Social Club,Spectacles vivants,SOCIAL CLUB,6720
2015/25,convention SCPP/Studio de l'Ermitage,Spectacles vivants,STUDIO DE L'ERMITAGE,19200
2015/308,tournée de Dorsaf Hamdani,Spectacles vivants,ACCORDS CROISES,14000
2015/33,tournée de Joseph d'Anvers,Spectacles vivants,"AIM ARTISTE INTERMEDIAIRE 
MULTIMEDIA",2800
2015/264,tournée du groupe Yépa,Spectacles vivants,ANTIPODES MUSIC,10000
2015/396,tournée de Bazar & Bémols,Spectacles vivants,ASSOCIATION LES BRAKAS,4800
2015/436,tournée de Vulcain,Spectacles vivants,DESPERADO,5525
2015/126,tournée de Balafon,Spectacles vivants,DESSOUS DE SCENE PRODUCTIONS,9200
2015/189,tournée du Trio Chemirani,Spectacles vivants,FULL RHIZOME,5000
2015/768,tournée de Citizens!,Spectacles vivants,KITSUNE MUSIQUE,4000
2015/387,tournée de Bastoon & Babouschka,Spectacles vivants,LA COMPAGNIE FIL EN BULLE,4300
2015/580,tournée de Facteurs Chevaux,Spectacles vivants,LA GRANGE AUX BELLES,5000
2015/271,tournée des 3 Fromages,Spectacles vivants,LES 3 FROMAGES,6000
2015/322,tournée de Ste   Tej & Ejectés,Spectacles vivants,LES DISQUES DU TIGRE,5536
2015/395,tournée de Kuku,Spectacles vivants,QUART DE LUNE,3396
2015/397,tournée du groupe Le Trottoir d'en face,Spectacles vivants,RÊV 2 DRÔLES,5600
2015/300,tournée de Bastien Lallemant,Spectacles vivants,SEBASTIEN ZAMORA,12500
2015/265,tournée de Jenny Lysander,Spectacles vivants,SEBASTIEN ZAMORA,8500
2015/393,tournée de Klô Pelgag,Spectacles vivants,SEBASTIEN ZAMORA,15000
2015/120,tournée de Corson,Spectacles vivants,SELIM MOUHOUBI PRODUCTIONS,13200
2015/579,tournée de Stabar,Spectacles vivants,STABAR,4000
2015/394,tournée de Tedmo Festival,Spectacles vivants,TEDMO FESTIVAL,2800
2015/180,tournée de Cyril Mokaiesh,Spectacles vivants,UN PLAN SIMPLE,15000
2015/385,tournée For The Hackers,Spectacles vivants,UN PLAN SIMPLE,5000
2015/685,vidéo « Quand je ne chante pas » de Lara Fabian,Vidéo,9 PRODUCTIONS,4300
2015/742,vidéo « Du pour toi » de Musher,Vidéo,ALL STYLE EDITIONS,1600
2015/563,vidéo « Rape Me Again » de Dalagan,Vidéo,ALL STYLE EDITIONS,1200
2015/812,vidéo « Mon père » des P'tits Gars Laids,Vidéo,ALLEZ !!! PROD,1800
2015/961,vidéo « Can you do it » de Charles X,Vidéo,ALTER K,3200
2015/746,vidéo « Aux quatre vents » de Théophile Ardy,Vidéo,AMSTAR PROD,3700
2015/407,vidéo « Disappearing World »,Vidéo,ARNAUD DEBUCHY,1900
2015/764,vidéo « Chewing gum » de Balaphonics,Vidéo,ASSOCIATION EKLEKTIK,2700
2015/398,vidéo « Open Your Legs » de Balaphonics,Vidéo,ASSOCIATION EKLEKTIK,1200
2015/958,vidéo « Comme On Rêve » de LS,Vidéo,ASSOCIATION ONE MUSIC,3200
2015/272,"vidéo « Ami, Amant » de LS",Vidéo,ASSOCIATION ONE MUSIC,2200
2015/151,vidéo « Esse Amor » de Clarisse Albrecht,Vidéo,ASSOCIATION ONE MUSIC,2200
2015/867,vidéo « Athénes ? » de Schvédranne,Vidéo,ASSOCIATION SALAMAH,2200
2015/83,vidéo « Seconde nature » de Claire Diterzi,Vidéo,AU PAYS DES MERVEILLES,1900
2015/224,vidéo « Je sais » de K'Reen,Vidéo,AZTEC MUSIQUE,700
2015/116,vidéo « Es se pou sa » de Orlane,Vidéo,AZTEC MUSIQUE,700
2015/818,"vidéo « la tête la première » de Jean-Marc 
Sauvagnargues",Vidéo,BABOEUP PRODUCTIONS,4600
2015/843,vidéo « All Out » de Anakronic Electro Orkestra,Vidéo,BALAGAN BOX,3700
2015/413,vidéo « Waterfalls » d'Andréa Balency,Vidéo,BATAILLE SARL,1000
2015/622,vidéo « Never Smile » de Marietta,Vidéo,BORN BAD RECORDS,3900
2015/914,vidéo « Les Hommes Qui Passent » de Missko,Vidéo,BOUMQUEUR EDITION,4200
2015/219,vidéo « J'aime J'aime J'aime » de MissKo,Vidéo,BOUMQUEUR EDITION,2000
2015/71,vidéo « What about your sister » de Le Mutant,Vidéo,BOUMQUEUR EDITION,1100
2015/945,video « Nos désirs font désordre » de Louve,Vidéo,BULL SHEET MUSIC,3100
2015/66,vidéo « X » de Château Marmont,Vidéo,CHAMBRE 404,1000
2015/753,vidéo « Les accidents d'amour » de Léa Deleau,Vidéo,CMBM,10000
2015/155,vidéo « Você Assim » de Sheyla Costa,Vidéo,COSTA PROD,1600
2015/915,vidéo « Animal » de Dimitri Nirman,Vidéo,DIMOOK PROMOTIONS,1600
2015/824,"video « The Great Zombie » 
de Flyin' Saucers Gumbo Special""",Vidéo,FATSO RECORDS,3900
2015/59,vidéo « What you've been missing »,Vidéo,FAVORITE RECORDINGS/PUSHER,500
2015/665,"Vidéo « Love Is A Lonely Road » 
de The One Armed Man",Vidéo,FLYING COW PROD,5600
2015/631,vidéo « Darré » de Moh ! Kouyaté,Vidéo,FOLI SON PRODUCTIONS,1400
2015/649,vidéo « To My Friends » de Of Ivory & Horn,Vidéo,FOUZIAN,1500
2015/497,vidéo « Of ivory and horn » de Of Ivory and Horn,Vidéo,FOUZIAN,2700
2015/828,vidéo « Dans un bocal carré » de Govrache,Vidéo,GOVRACHE,1800
2015/440,vidéo « Dékadance » de Lakay,Vidéo,HADRA,1200
2015/139,vidéo « Evrbdd » de Sly Johnson,Vidéo,HEAVENLY SWEETNESS,1000
2015/689,vidéo « San Palto » de Lindigo,Vidéo,HELICO,2000
2015/648,"vidéo « Tout le monde pense » 
de Djeu Djoah & Lieutenant Nicholson",Vidéo,HOT CASA,4467
2015/901,video « Kabaa Moonlight » de Ithak,Vidéo,IGUANE SERIEL,3700
2015/152,vidéo « Catch Me I'm Falling » de Pierre Sibille,Vidéo,INDEPENDANT MUSICIANS,2300
2015/948,vidéo « (OO) » de Rone,Vidéo,INFINE,4100
2015/414,vidéo « Metamorphosis 5 » de Bruce Brubaker,Vidéo,INFINE,2300
2015/60,vidéo « Sing Song » de Rone,Vidéo,INFINE,2100
2015/947,vidéo « Mango Chicks » de Fugu Mango,Vidéo,IPANEMA MUSIC,1900
2015/47,vidéo « In the backyard » de Stevans,Vidéo,IPANEMA MUSIC,3000
2015/918,vidéo « Burn Out » de L'Arthur,Vidéo,ISEGORIA MUSIC,4100
2015/660,vidéo « Not a friend » de Manysheva,Vidéo,KWAIDAN,2500
2015/484,vidéo « Apple Day » de Joon Moon,Vidéo,KWAIDAN,2500
2015/289,vidéo « L'amour fleuve » de Nicolas Comment,Vidéo,KWAIDAN,5800
2015/172,vidéo « Woman » de Bristol,Vidéo,KWAIDAN,3500
2015/188,vidéo « Coquillage et Nutella » de Sollex,Vidéo,LA CAVE DE DISQUES,1800
2015/176,vidéo « Les dames de pluie » de Facteurs Chevaux,Vidéo,LA GRANGE AUX BELLES,1000
2015/173,vidéo « Where you go I go » de Nancy Boy,Vidéo,LAFOLIE,800
2015/829,vidéo « La femme à barbe et l'homme fort » de Syrano,Vidéo,LES DOIGTS DANS L'ZEN,3900
2015/316,vidéo « Le Funambule inconscient » de Syrano,Vidéo,LES DOIGTS DANS L'ZEN,2800
2015/170,vidéo « La contorsionniste » de Syrano,Vidéo,LES DOIGTS DANS L'ZEN,2100
2015/53,vidéo « Douter  » de Lily Harvest,Vidéo,LES GLOTTES TROTTERS,1600
2015/897,video « La peste blonde » de Manu Lods,Vidéo,LES GUITARES EN BOIS,4000
2015/202,"vidéo « 22 ans » de Lucrèce Sassella""",Vidéo,"LES PRODUCTIONS 
DE L'EXPLORATEUR",800
2015/589,video « Avelao » de Rajery,Vidéo,LES STUDIOS DE LA RUCHE,1500
2015/178,vidéo « Vuelo » de Roé,Vidéo,LES TOROS,1300
2015/902,video « Fi  een Years » de Bobby & Sue,Vidéo,L'ORIENT' ARTIST,1600
2015/509,vidéo « Bonnie sans Clyde » de Disiz,Vidéo,LUCIDREAM,5300
2015/35,vidéo « Do you Big Ali » de Big Ali,Vidéo,MADISON MUSIC,1900
2015/749,vidéo « Sess'A Ndolo » de Sam'M,Vidéo,MAP,1500
2015/584,vidéo « If the world end » de Nobilis,Vidéo,MJF,4100
2015/496,vidéo « Dream Chaser » de Nobilis,Vidéo,MJF,3600
2015/64,vidéo « Ce soir » de Romain Ughetto,Vidéo,MJF,2100
2015/952,vidéo « Représente » de Djuna Family,Vidéo,MONSTRE MARIN CORPORATION,3000
2015/562,vidéo « Pardonner » de Ma2x,Vidéo,MONSTRE MARIN CORPORATION,1500
2015/555,vidéo « 4 murs » de Namasté,Vidéo,MOONKEYS MUSIC,2200
2015/628,vidéo « Dilemma » de ASM,Vidéo,MORGANE MARSHALL,1500
2015/898,vidéo « Sphinx » de La Femme,Vidéo,MUSIQUE EN SOCIETE,9700
2015/311,"vidéo « La Barque de l'oubli » de Xanthoula 
Dakovanou et l'ensemble Anassa",Vidéo,MUSIQUES ET INTERPRETES,2500
2015/587,vidéo « Lon » de Blick Bassy,Vidéo,NO FORMAT,4000
2015/195,vidéo « Eat You » de La Fine Equipe,Vidéo,NOWADAYS RECORDS,700
2015/57,vidéo « Cheese Nan » de La Fine Equipe,Vidéo,NOWADAYS RECORDS,5200
2015/588,vidéo « Baby » de Nina Attal,Vidéo,NUEVA ONDA PRODUCTION,1000
2015/805,vidéo « La foudre et le tonnerre » de D'Arsy,Vidéo,PBOX SARL,2900
2015/488,vidéo « So High » d'Anne Carleton,Vidéo,PHILIPPE GYAN,1000
2015/568,vidéo « Fiesta Blues'n Roll » des Shaggy Dogs,Vidéo,PILE OU FACE,1800
2015/391,vidéo « Yello bright tune » de Doctor L,Vidéo,PLANET WOO,2600
2015/641,vidéo « Car » de Annika and The Forest,Vidéo,PLAYGROUND,6300
2015/174,vidéo « Be The Night » d'Annika and the Forest,Vidéo,PLAYGROUND,6300
2015/894,vidéo « L'ennui » de I.S.L.A,Vidéo,PYPO PRODUCTION,2900
2015/576,vidéo « White Hair » de I.S.L.A,Vidéo,PYPO PRODUCTION,1300
2015/310,vidéo « La Dernière Fois » de Kuku,Vidéo,QUART DE LUNE,3400
2015/179,vidéo « Evil Doers » de Kuku,Vidéo,QUART DE LUNE,2100
2015/190,vidéo « La Haut » de The Coolege,Vidéo,QUIET MUSIC PUBLISHING,700
2015/903,vidéo « Imnayen » de Nabila Dali,Vidéo,ROOT'ZIK PRODUCTION,6284
2015/478,vidéo « My Dream » de Nabila Dali,Vidéo,ROOT'ZIK PRODUCTION,3000
2015/424,vidéo « Wasted Morning » de Rikke,Vidéo,ROOT'ZIK PRODUCTION,2000
2015/838,vidéo « Over Me » de Toxic Avenger,Vidéo,ROY MUSIC,8700
2015/826,vidéo « De la bouche à la taille » de Jil is Lucky,Vidéo,ROY MUSIC,5200
2015/554,vidéo « Mad Clap » de Make The Girl Dance,Vidéo,ROY MUSIC,4600
2015/75,vidéo « The Keys » de Talisco,Vidéo,ROY MUSIC,2800
2015/503,vidéo « Liberté Egalité Fraternité » de Rasheed Daci,Vidéo,SEADPRODUCTION,1300
2015/917,vidéo « Mama don't give up » de Christine Salem,Vidéo,SEBASTIEN ZAMORA,5800
2015/758,vidéo « Northern Folk » de Jenny Lysander,Vidéo,SEBASTIEN ZAMORA,7600
2015/760,vidéo « Scène de crime » de Bastien Lallemant,Vidéo,SEBASTIEN ZAMORA,9900
2015/578,vidéo « Marées Hautes » de Valparaiso,Vidéo,SEBASTIEN ZAMORA,4800
2015/483,vidéo « Blown by the wind »  de Valparaiso,Vidéo,SEBASTIEN ZAMORA,3000
2015/415,vidéo « Au loin la côte » de Bastien Lallemant,Vidéo,SEBASTIEN ZAMORA,5100
2015/334,vidéo « Wild Birds » de Valparaiso,Vidéo,SEBASTIEN ZAMORA,5000
2015/293,vidéo « Des étincelles » de Vincha,Vidéo,SEBASTIEN ZAMORA,5000
2015/146,vidéo « Dancing on the edge » Jenny Lysander,Vidéo,SEBASTIEN ZAMORA,2400
2015/162,vidéo « Un million d'années » de Bastien Lallemant,Vidéo,SEBASTIEN ZAMORA,3200
2015/49,vidéo « Les maladies de coeur » de Klô Pelgag,Vidéo,SEBASTIEN ZAMORA,4100
2015/849,vidéo « Inhumain » de Sinik,Vidéo,SIX-O-NINE,4200
2015/623,vidéo « Donde Cuando » de Lartiste,Vidéo,SIX-O-NINE,2900
2015/581,vidéo « Bang Bang » de Lartiste,Vidéo,SIX-O-NINE,5400
2015/524,vidéo « Faut pas me saouler » de Kayna Samet,Vidéo,SIX-O-NINE,4300
2015/432,vidéo « Assume » de Sinik,Vidéo,SIX-O-NINE,5400
2015/288,vidéo « Destination finale » de Lartiste,Vidéo,SIX-O-NINE,3000
2015/299,vidéo « Sirop de menthe » de Garner,Vidéo,SOCKET BLUES PRODUCTION,1600
2015/754,vidéo « So High » de Haute,Vidéo,SOL,2900
2015/708,vidéo « All in you » de Synapson,Vidéo,SOL,6400
2015/315,vidéo « Si tu pouvais vivre ta vie » de Dany Brillant,Vidéo,SOUL LATIN JAZZ PRODUCTION,4700
2015/571,vidéo « Plus Fort » de Kiddam,Vidéo,SOUND EFFECT KILLER KAYCI IMAGE,1200
2015/946,"vidéos « Le ciel ne peut attendre » 
et « A part toi » d'Aleyna",Vidéo,SPHERE FRANCE,4400
2015/410,vidéo « J'ai attrapé le chômage » de Stabar,Vidéo,STABAR,1300
2015/929,vidéo « Nou Pwen Yo » de Krys,Vidéo,STEP OUT PRODUCTIONS,2800
2015/919,vidéo « La i pann i sec » de Krys,Vidéo,STEP OUT PRODUCTIONS,4000
2015/841,vidéo « Gwo Chi   » de Krys,Vidéo,STEP OUT PRODUCTIONS,3458
2015/642,vidéo « Pa ni pwoblem » de Krys,Vidéo,STEP OUT PRODUCTIONS,1250
2015/511,vidéo « Ton Vice » de Kellingston,Vidéo,STEP OUT PRODUCTIONS,1500
2015/957,vidéo « Dangerous Man » de Rit,Vidéo,SUPER RECORDS,1700
2015/839,vidéo « Taali » de Sofiane Saïdi,Vidéo,SUPERSOUND,4100
2015/32,vidéo « Comment » de Sino,Vidéo,TAM TAM PRODUCTION,2400
2015/215,vidéo « Les Moutons » de Tedmo Festival,Vidéo,TEDMO FESTIVAL,1400
2015/62,vidéo « Je Comprends » de Radikal MC,Vidéo,TRIOMPHE RECORDS,1200
2015/50,vidéo « My Inspiration » de Myles Sanko,Vidéo,TROIS JEUNES TAMBOURS,3400
2015/52,vidéo « Dance all night » de Lou Demontis,Vidéo,TROUBADOUR,1200
2015/552,vidéo « C'est tout » des Trois Mousquetaires,Vidéo,TWIN MUSIC,4800
2015/840,vidéo « Oslo » de Blondino,Vidéo,UN PLAN SIMPLE,7350
2015/740,vidéo « Sunrise » de For The Hackers,Vidéo,UN PLAN SIMPLE,2300
2015/719,vidéo « La retenue » de Pain Noir,Vidéo,UN PLAN SIMPLE,5161
2015/636,vidéo « Higher » de Kwamie Liv,Vidéo,UN PLAN SIMPLE,4400
2015/487,vidéo « Summertime Burns » de Part-Time Friends,Vidéo,UN PLAN SIMPLE,2800
2015/493,vidéo « Marc et Louise » de Louves,Vidéo,UN PLAN SIMPLE,2500
2015/386,vidéo « Say My Name » de WWWY,Vidéo,UN PLAN SIMPLE,2700
2015/425,vidéo « Ladies » de WWWY,Vidéo,UN PLAN SIMPLE,8000
2015/423,vidéo « Quitte à me quitter » de Marvin Jouno,Vidéo,UN PLAN SIMPLE,5000
2015/184,vidéo « Poor Lonesome Piéton » de Cyril Mokaiesh,Vidéo,UN PLAN SIMPLE,1300
2015/88,vidéo « Babyshambles » de For The Hackers,Vidéo,UN PLAN SIMPLE,3000
2015/590,vidéo « C’est comme » de Izarry,Vidéo,UNIMUSIC,1200
2015/853,vidéo « En Abitibi » de Andréas & Nicolas,Vidéo,VERYCORDS,8239
2015/795,vidéo « Tears Of Hate » de Black Bomb A,Vidéo,VERYCORDS,9060
2015/793,vidéo « Hors norme » de The Arrs,Vidéo,VERYCORDS,3600
2015/525,vidéo « Born Twice » de Dagoba,Vidéo,VERYCORDS,3200
2015/417,vidéo « Chronos » de The Arrs,Vidéo,VERYCORDS,4800
2015/348,vidéo « Mars 78 » des Wampas,Vidéo,VERYCORDS,2600
2015/349,vidéo «  Winter's Masters » de Bukowski,Vidéo,VERYCORDS,5900
2015/263,vidéo « Une épée suspendue » de Pierpoljak,Vidéo,VERYCORDS,2600
2015/212,vidéo « Where do we go from here » de Fiction Plane,Vidéo,VERYCORDS,3300
2015/682,vidéo « La nuit tombe » de Mansfield. Tya,Vidéo,VICIOUS CIRCLE,4000
2015/486,vidéo « Foutue mélodie » de Black M,Vidéo,WATI B PROD,600
2015/165,vidéo « C'est Tout Moi » de Black M,Vidéo,WATI B PROD,4800
2015/667,vidéo « Coming Trough » de Watengwa,Vidéo,WEPRESENT,1000
2015/157,vidéo « Walk with me » de Tina Mweni,Vidéo,WEPRESENT,1200
2015/976,Les Victoires de la Musique édition 2016,Projets spéciaux,"ASSOCIATION LES VICTOIRES 
DE LA MUSIQUE",150000
2015/992,"actions de lute contre la piraterie musicale/
consultations",Projets spéciaux,AVOCATS,130000.19
2015/893,6ème édition du Disquaire Day,Projets spéciaux,CALIF,11500
2015/142,5ème édition du Disquaire Day,Projets spéciaux,CALIF,11500
2015/979,Fonds d'Urgence au Spectacle Vivant,Projets spéciaux,CNV,500000
2015/143,activités 2015,Projets spéciaux,FAIR,34000
2015/376,activités 2015,Projets spéciaux,FCM,1015644
2015/970,9ème édition du Festival au Fil des Voix,Projets spéciaux,FESTIVAL AU FIL DES VOIX,15000
2015/987,base de donnée numérisée,Projets spéciaux,DIVERS,18585
2015/988,surveillance et tracking,Projets spéciaux,DIVERS,180000
2015/691,MaMA 2015,Projets spéciaux,MAMA,15000
2015/989,amélioration et sécurisation de la plateforme CE1,Projets spéciaux,DIVERS,8722
2015/770,actions de défense et d'aide à la création 2015,Projets spéciaux,SNEP,995202
2015/990,rapport d'audit,Projets spéciaux,DIVERS,3250.35
2015/991,projet culture et internet,Projets spéciaux,DIVERS,153624
2015/144,activités 2015,Projets spéciaux,TOUS POUR LA MUSIQUE,25000
2015/141,activités 2015,Projets spéciaux,VOIX DU SUD,16000
2015/145,activités 2015,Projets spéciaux,ZONE FRANCHE,25000
2015/9/785,CD de Maria Iacob Macuica et Mihaï Trestian,Musique / Droits de tirage,ADF BAYARD MUSIQUE,5499
2015/9/476,CD d'Olivier Baumont,Musique / Droits de tirage,ADF BAYARD MUSIQUE,11500
2015/1293/115,CD de Women Groove,Musique / Droits de tirage,AZTEC MUSIQUE,15024
2015/842/973,CD de Sibylle Liévois,Musique / Droits de tirage,BLANC MUSIQUES,5198
2015/78/446,CD Flashback 80 (EP),Musique / Droits de tirage,CHRIS MUSIC,5684
2015/261/237,CD de Yves Ribis,Musique / Droits de tirage,COOP BREIZH DIFFUSION BREIZH,3555
2015/1949/637,CD Les Fusillés (B.O) - François Staal,Musique / Droits de tirage,CRISTAL PUBLISHING,3062
2015/208/940,CD de Jango Edwards,Musique / Droits de tirage,FGL,20161
2015/335/934,CD  « L'origine des espèces » - Eric Pierrot,Musique / Droits de tirage,GROUPE FREMEAUX COLOMBINI,2513
2015/335/544,CD « Guignol » - Daniel Mesguich,Musique / Droits de tirage,GROUPE FREMEAUX COLOMBINI,2855
2015/335/875,CD « Histoire de la Bible » - Olivier Millet,Musique / Droits de tirage,GROUPE FREMEAUX COLOMBINI,4290
2015/335/874,"CD « Histoire de la philosophie médiévale »
 - Vincent Giraud",Musique / Droits de tirage,GROUPE FREMEAUX COLOMBINI,1086
2015/335/872,CD « Histoire des Pharaons » - Jean Winand,Musique / Droits de tirage,GROUPE FREMEAUX COLOMBINI,1086
2015/335/445,CD « La Prisonnière et La Fugitive » -Daniel Mesguich,Musique / Droits de tirage,GROUPE FREMEAUX COLOMBINI,2454
2015/335/535,CD « Le temps retrouvé » - Daniel Mesguich,Musique / Droits de tirage,GROUPE FREMEAUX COLOMBINI,2428
2015/335/873,CD « Tyrannie de la pénitence » - Pascal Bruckner,Musique / Droits de tirage,GROUPE FREMEAUX COLOMBINI,1326
2015/2214/363,CD du Sirba Octet,Musique / Droits de tirage,LA PRIMA VOLTA,9137
2015/2561/784,CD « Anatole France » - Marc Hamon,Musique / Droits de tirage,LE LIVRE QUI PARLE - DPI,624
2015/2561/782,CD « Henri IV » - Yvan Verschueren,Musique / Droits de tirage,LE LIVRE QUI PARLE - DPI,312
2015/2561/783,CD « Les Pardaillan » - Yvan Verschueren,Musique / Droits de tirage,LE LIVRE QUI PARLE - DPI,728
2015/1579/239,CD de Christian Delagrange,Musique / Droits de tirage,LES EDITIONS GERARD TEMPESTI,8290
2015/371/245,CD « Sur la route des Enfoirés »,Musique / Droits de tirage,LES RESTAURANTS DU COEUR,127780
2015/262/601,CD de Lura,Musique / Droits de tirage,LUSAFRICA,4224
2015/625/262,CD de Vigon-Bamy-Jay,Musique / Droits de tirage,M6 INTERACTIONS,36284
2015/1590/969,CD de Naoufel,Musique / Droits de tirage,MICHEL LEVY PRODUCTIONS,8191
2015/2739/880,CD de Coolax,Musique / Droits de tirage,MUKONGO BUSINESS LTD,19512
2015/2180/109,CD de l'Orchestre de Savoie,Musique / Droits de tirage,MUSIC SQUARE / INDESENS,15649
2015/789/968,CD de Franck Dadure,Musique / Droits de tirage,RADIO FRANCE,11566
2015/789/937,CD de Jean-Philippe Collard Neven,Musique / Droits de tirage,RADIO FRANCE,12223
2015/789/726,CD de John Greaves,Musique / Droits de tirage,RADIO FRANCE,18692
2015/789/727,CD de Lunatic Toys,Musique / Droits de tirage,RADIO FRANCE,15987
2015/789/935,CD d'Hélène Collerette,Musique / Droits de tirage,RADIO FRANCE,7071
2015/36/974,CD de Sabine (EP),Musique / Droits de tirage,RICORDU,4463
2015/63/713,CD « Corsu »,Musique / Droits de tirage,SONY MUSIC FRANCE,52689
2015/63/695,CD de Aldebert,Musique / Droits de tirage,SONY MUSIC FRANCE,42021
2015/63/714,CD de Anwar,Musique / Droits de tirage,SONY MUSIC FRANCE,46584
2015/63/95,CD de Bangkok,Musique / Droits de tirage,SONY MUSIC FRANCE,42406
2015/63/694,CD de Cheraze,Musique / Droits de tirage,SONY MUSIC FRANCE,51997
2015/63/617,CD de Christian-Pierre La Marca,Musique / Droits de tirage,SONY MUSIC FRANCE,19318
2015/63/450,CD de Christophe Willem (live),Musique / Droits de tirage,SONY MUSIC FRANCE,28059
2015/63/449,CD de Florian,Musique / Droits de tirage,SONY MUSIC FRANCE,43992
2015/63/703,CD de Gaspard Royant,Musique / Droits de tirage,SONY MUSIC FRANCE,33283
2015/63/698,CD de Griefjoy,Musique / Droits de tirage,SONY MUSIC FRANCE,31294
2015/63/700,CD de Idir,Musique / Droits de tirage,SONY MUSIC FRANCE,40253
2015/63/448,CD de Jacques Higelin,Musique / Droits de tirage,SONY MUSIC FRANCE,80740
2015/63/619,CD de Jon Malkin,Musique / Droits de tirage,SONY MUSIC FRANCE,48993
2015/63/452,CD de La Fouine,Musique / Droits de tirage,SONY MUSIC FRANCE,62316
2015/63/613,CD de Lambert Wilson,Musique / Droits de tirage,SONY MUSIC FRANCE,33478
2015/63/443,CD de Lisa Angell,Musique / Droits de tirage,SONY MUSIC FRANCE,31376
2015/63/616,CD de Luke,Musique / Droits de tirage,SONY MUSIC FRANCE,29042
2015/63/696,CD de Martin et Les Fées,Musique / Droits de tirage,SONY MUSIC FRANCE,36125
2015/63/702,CD de Megan,Musique / Droits de tirage,SONY MUSIC FRANCE,52177
2015/63/603,CD de Natasha St Pier,Musique / Droits de tirage,SONY MUSIC FRANCE,41277
2015/63/706,CD de Owlle,Musique / Droits de tirage,SONY MUSIC FRANCE,52042
2015/63/451,CD de Paul Meyer et Pascal Contet,Musique / Droits de tirage,SONY MUSIC FRANCE,7166
2015/63/704,CD de Philippe Uminsky,Musique / Droits de tirage,SONY MUSIC FRANCE,43508
2015/63/345,CD de Rose,Musique / Droits de tirage,SONY MUSIC FRANCE,53676
2015/63/602,CD de Sanseverino,Musique / Droits de tirage,SONY MUSIC FRANCE,16297
2015/63/739,CD de Sylvie Vartan,Musique / Droits de tirage,SONY MUSIC FRANCE,41447
2015/63/444,CD de Thibault Cauvin,Musique / Droits de tirage,SONY MUSIC FRANCE,4846
2015/63/699,CD de We Are Match (EP),Musique / Droits de tirage,SONY MUSIC FRANCE,11010
2015/63/860,CD de Yuri Buenaventura,Musique / Droits de tirage,SONY MUSIC FRANCE,24220
2015/63/238,CD de Zayra,Musique / Droits de tirage,SONY MUSIC FRANCE,42505
2015/63/97,CD « Des airs de liberté » - hommage à Jean Ferrat,Musique / Droits de tirage,SONY MUSIC FRANCE,43898
2015/63/140,CD des Innocents,Musique / Droits de tirage,SONY MUSIC FRANCE,82732
2015/63/701,CD d'Indochine (Live),Musique / Droits de tirage,SONY MUSIC FRANCE,52177
2015/63/98,CD hommage à Pierre Bachelet,Musique / Droits de tirage,SONY MUSIC FRANCE,44408
2015/63/876,CD « Joe Dassin et les Choeurs de l'Armée Rouge »,Musique / Droits de tirage,SONY MUSIC FRANCE,40000
2015/63/96,CD « Joyeux anniversaire Mister Dutronc »,Musique / Droits de tirage,SONY MUSIC FRANCE,53640
2015/63/227,CD « Michel Legrand & Ses Amis »,Musique / Droits de tirage,SONY MUSIC FRANCE,50284
2015/1/537,"CD Biolay, Fizsman, Benarrosh - Trenet",Musique / Droits de tirage,UNIVERSAL MUSIC FRANCE,32474
2015/1/621,CD d'Alex Beaupain,Musique / Droits de tirage,UNIVERSAL MUSIC FRANCE,20293
2015/1/620,CD d'Anne Sila,Musique / Droits de tirage,UNIVERSAL MUSIC FRANCE,55588
2015/1/367,CD d'Arielle Dombasle,Musique / Droits de tirage,UNIVERSAL MUSIC FRANCE,34840
2015/1/106,CD de Aufgang,Musique / Droits de tirage,UNIVERSAL MUSIC FRANCE,46767
2015/1/373,CD de Battista Acquaviva,Musique / Droits de tirage,UNIVERSAL MUSIC FRANCE,52494
2015/1/604,CD de Cécile Corbel,Musique / Droits de tirage,UNIVERSAL MUSIC FRANCE,33410
2015/1/118,CD de Charles Aznavour,Musique / Droits de tirage,UNIVERSAL MUSIC FRANCE,166470
2015/1/459,CD de Chimène Badi,Musique / Droits de tirage,UNIVERSAL MUSIC FRANCE,184912
2015/1/977,CD de Christian Olivier,Musique / Droits de tirage,UNIVERSAL MUSIC FRANCE,39715
2015/1/635,CD de Christophe,Musique / Droits de tirage,UNIVERSAL MUSIC FRANCE,101028
2015/1/455,CD de DJ Hamida,Musique / Droits de tirage,UNIVERSAL MUSIC FRANCE,25901
2015/1/226,CD de Dosseh,Musique / Droits de tirage,UNIVERSAL MUSIC FRANCE,27158
2015/1/462,CD de Emji,Musique / Droits de tirage,UNIVERSAL MUSIC FRANCE,56160
2015/1/600,CD de Feu ! Chatterton,Musique / Droits de tirage,UNIVERSAL MUSIC FRANCE,25142
2015/1/108,CD de Gradur,Musique / Droits de tirage,UNIVERSAL MUSIC FRANCE,36368
2015/1/104,CD de Izia,Musique / Droits de tirage,UNIVERSAL MUSIC FRANCE,39977
2015/1/242,CD de Jean-Baptiste Maunier,Musique / Droits de tirage,UNIVERSAL MUSIC FRANCE,43919
2015/1/464,CD de Joris Delacroix,Musique / Droits de tirage,UNIVERSAL MUSIC FRANCE,32626
2015/1/247,CD de Julie Fuchs,Musique / Droits de tirage,UNIVERSAL MUSIC FRANCE,36799
2015/1/461,CD de Kambuza,Musique / Droits de tirage,UNIVERSAL MUSIC FRANCE,38996
2015/1/549,CD de Kendji Girac,Musique / Droits de tirage,UNIVERSAL MUSIC FRANCE,46573
2015/1/612,CD de Kool Shen,Musique / Droits de tirage,UNIVERSAL MUSIC FRANCE,42099
2015/1/599,CD de la Famille Chédid,Musique / Droits de tirage,UNIVERSAL MUSIC FRANCE,26679
2015/1/243,CD de La Grande Sophie,Musique / Droits de tirage,UNIVERSAL MUSIC FRANCE,45272
2015/1/801,CD de Lilian Renaud,Musique / Droits de tirage,UNIVERSAL MUSIC FRANCE,36004
2015/1/538,CD de Lou Doillon,Musique / Droits de tirage,UNIVERSAL MUSIC FRANCE,37777
2015/1/716,CD de Louane (Bonus),Musique / Droits de tirage,UNIVERSAL MUSIC FRANCE,23764
2015/1/598,CD de MAD,Musique / Droits de tirage,UNIVERSAL MUSIC FRANCE,40456
2015/1/371,CD de Mathieu Saïkaly,Musique / Droits de tirage,UNIVERSAL MUSIC FRANCE,39208
2015/1/608,CD de Maximilien Philippe,Musique / Droits de tirage,UNIVERSAL MUSIC FRANCE,40570
2015/1/102,CD de Mutine,Musique / Droits de tirage,UNIVERSAL MUSIC FRANCE,35817
2015/1/101,CD de Natacha Kudritskaya,Musique / Droits de tirage,UNIVERSAL MUSIC FRANCE,17872
2015/1/105,CD de Paradis,Musique / Droits de tirage,UNIVERSAL MUSIC FRANCE,40920
2015/1/786,CD de Sidoine,Musique / Droits de tirage,UNIVERSAL MUSIC FRANCE,54480
2015/1/103,CD de Skip the Use (live),Musique / Droits de tirage,UNIVERSAL MUSIC FRANCE,16198
2015/1/100,CD de Thomas Dutronc,Musique / Droits de tirage,UNIVERSAL MUSIC FRANCE,66732
2015/1/99,CD de Thomas Encho,Musique / Droits de tirage,UNIVERSAL MUSIC FRANCE,10459
2015/1/229,CD de Vanille,Musique / Droits de tirage,UNIVERSAL MUSIC FRANCE,41626
2015/1/107,CD de Yaron Herman,Musique / Droits de tirage,UNIVERSAL MUSIC FRANCE,17614
2015/1/456,CD de Zazie,Musique / Droits de tirage,UNIVERSAL MUSIC FRANCE,104004
2015/1/457,CD d'Eddy Mitchell,Musique / Droits de tirage,UNIVERSAL MUSIC FRANCE,128960
2015/1/458,CD d'Emmanuel Moire,Musique / Droits de tirage,UNIVERSAL MUSIC FRANCE,66248
2015/1/460,CD d'Enrico Macias,Musique / Droits de tirage,UNIVERSAL MUSIC FRANCE,48217
2015/1/370,CD des Blankets,Musique / Droits de tirage,UNIVERSAL MUSIC FRANCE,10556
2015/1/374,CD du groupe Go Go Penguin,Musique / Droits de tirage,UNIVERSAL MUSIC FRANCE,15295
2015/1/372,CD du groupe vocal Barbara Furtuna,Musique / Droits de tirage,UNIVERSAL MUSIC FRANCE,47387
2015/1/548,CD « Hommage à Amalia Rodrigues »,Musique / Droits de tirage,UNIVERSAL MUSIC FRANCE,55276
2015/1/369,CD « Marie-Antoinette »,Musique / Droits de tirage,UNIVERSAL MUSIC FRANCE,67090
2015/1/614,CD « Tiken Jah Fakoly »,Musique / Droits de tirage,UNIVERSAL MUSIC FRANCE,44023
2015/1/241,CD « Tribute Alain Souchon »,Musique / Droits de tirage,UNIVERSAL MUSIC FRANCE,83200
2015/1/368,CD « Tribute Bob Marley »,Musique / Droits de tirage,UNIVERSAL MUSIC FRANCE,75876
2015/1/547,CD « Tribute to Chet Baker »,Musique / Droits de tirage,UNIVERSAL MUSIC FRANCE,55047
2015/1877/981,CD « The Melody » - Laurent Couson (BO),Musique / Droits de tirage,"UNIVERSAL PUBLISHING PROD. 
MUSIC FRANCE",19562
2015/4/799,CD « Ca c'est vraiment nous » - Tribute Téléphone,Musique / Droits de tirage,WARNER MUSIC FRANCE,45144
2015/4/724,CD d'Amaury Vassili,Musique / Droits de tirage,WARNER MUSIC FRANCE,50786
2015/4/236,CD d'Amaury Vassili (acoustique),Musique / Droits de tirage,WARNER MUSIC FRANCE,8765
2015/4/351,CD de Barbara Opsomer,Musique / Droits de tirage,WARNER MUSIC FRANCE,52244
2015/4/941,CD de Florent Mothe,Musique / Droits de tirage,WARNER MUSIC FRANCE,41435
2015/4/868,CD de Gérard Manset,Musique / Droits de tirage,WARNER MUSIC FRANCE,49786
2015/4/240,CD de Hyphen Hyphen,Musique / Droits de tirage,WARNER MUSIC FRANCE,42181
2015/4/938,CD de Igit,Musique / Droits de tirage,WARNER MUSIC FRANCE,59496
2015/4/864,CD de Johnny Hallyday,Musique / Droits de tirage,WARNER MUSIC FRANCE,115932
2015/4/615,CD de LikesBerry,Musique / Droits de tirage,WARNER MUSIC FRANCE,29357
2015/4/454,CD de Louisy Joseph,Musique / Droits de tirage,WARNER MUSIC FRANCE,51974
2015/4/375,CD de Magic System,Musique / Droits de tirage,WARNER MUSIC FRANCE,36729
2015/4/352,CD de Presteej,Musique / Droits de tirage,WARNER MUSIC FRANCE,40824
2015/4/862,CD de Shy'm,Musique / Droits de tirage,WARNER MUSIC FRANCE,66657
2015/4/963,CD de Sianna,Musique / Droits de tirage,WARNER MUSIC FRANCE,64610
2015/4/618,CD de Soprano,Musique / Droits de tirage,WARNER MUSIC FRANCE,25956
2015/4/253,CD de Soprano (live),Musique / Droits de tirage,WARNER MUSIC FRANCE,9035
2015/4/453,CD de Tenny,Musique / Droits de tirage,WARNER MUSIC FRANCE,37153
2015/4/802,CD de Véronique Sanson (live),Musique / Droits de tirage,WARNER MUSIC FRANCE,8145
2015/4/866,CD des BB Brunes,Musique / Droits de tirage,WARNER MUSIC FRANCE,60787
2015/4/975,CD du groupe Superbus,Musique / Droits de tirage,WARNER MUSIC FRANCE,48721.9
2015/4/246,CD « La Légende du Roi Arthur »,Musique / Droits de tirage,WARNER MUSIC FRANCE,151090
2015/4/536,vidéo « Astrolove » de Aria,Vidéo / Droits de tirage,WARNER MUSIC FRANCE,10000
2015/4/551,vidéo «  Discipline » de Club Cheval,Vidéo / Droits de tirage,WARNER MUSIC FRANCE,27294
2015/4/797,vidéo « Auprès d'un autre » de Florent Mothe,Vidéo / Droits de tirage,WARNER MUSIC FRANCE,6089
2015/4/808,vidéo « Barman » de Soprano,Vidéo / Droits de tirage,WARNER MUSIC FRANCE,16218
2015/4/131,video « Clown » de Soprano,Vidéo / Droits de tirage,WARNER MUSIC FRANCE,17041
2015/4/558,vidéo « Danse pour toi » de Likesberry,Vidéo / Droits de tirage,WARNER MUSIC FRANCE,7572
2015/4/781,vidéo « Il faut vivre » de Shy'm,Vidéo / Droits de tirage,WARNER MUSIC FRANCE,9980
2015/4/787,vidéo « J'ai encore rêvé d'elle » d'Amaury Vassili,Vidéo / Droits de tirage,WARNER MUSIC FRANCE,10000
2015/4/230,vidéo « Je sors ce soir » de Barbara Opsomer,Vidéo / Droits de tirage,WARNER MUSIC FRANCE,10059
2015/4/878,vidéo « J'écoute du Miles Davis » de Navii,Vidéo / Droits de tirage,WARNER MUSIC FRANCE,7706
2015/4/378,vidéo « Just need your love » de Hyphen Hyphen,Vidéo / Droits de tirage,WARNER MUSIC FRANCE,12476
2015/4/466,vidéo « Le Pain » de Soprano,Vidéo / Droits de tirage,WARNER MUSIC FRANCE,10000
2015/4/610,vidéo « Le temps » de Tenny,Vidéo / Droits de tirage,WARNER MUSIC FRANCE,7994
2015/4/231,vidéo « Like a maniac » de Tenny & Masca,Vidéo / Droits de tirage,WARNER MUSIC FRANCE,8000
2015/4/233,vidéo « Mieux que nous » de M Pokora,Vidéo / Droits de tirage,WARNER MUSIC FRANCE,18821
2015/4/705,vidéo « Millionnaire » de Soprano,Vidéo / Droits de tirage,WARNER MUSIC FRANCE,12481
2015/4/114,video « On s'en va » de Shy'm,Vidéo / Droits de tirage,WARNER MUSIC FRANCE,28000
2015/4/252,"vidéo « Quelque chose de magique » de Florent 
Mothe & Camille Lou",Vidéo / Droits de tirage,WARNER MUSIC FRANCE,15886
2015/4/232,vidéo « Street of Philadelphia » de Tal & Irma,Vidéo / Droits de tirage,WARNER MUSIC FRANCE,8169
2015/4/465,vidéo « Sweet Sweet Fanta Diallo » de Magic System,Vidéo / Droits de tirage,WARNER MUSIC FRANCE,10019
2015/4/780,vidéo « Tandem » de Shy'm,Vidéo / Droits de tirage,WARNER MUSIC FRANCE,2000
2015/4/611,vidéo « Tombouctou » de Inna Modja,Vidéo / Droits de tirage,WARNER MUSIC FRANCE,4000
2015/4/890,vidéo « Toute seule » de Likesberry,Vidéo / Droits de tirage,WARNER MUSIC FRANCE,8371
2015/4/806,vidéo « Un autre monde » de Superbus,Vidéo / Droits de tirage,WARNER MUSIC FRANCE,12783
2015/4/607,vidéo « Voir la nuit s'emballer » de M Pokora,Vidéo / Droits de tirage,WARNER MUSIC FRANCE,20209
2015/4/342,vidéo « Voulez vous danser » de Presteej,Vidéo / Droits de tirage,WARNER MUSIC FRANCE,6000
2015/1672/933,vidéo « Rien qu'une Fois » de Keen V,Vidéo / Droits de tirage,YP,15306
2015/1672/344,vidéo « Saltimbanque » de Keen V,Vidéo / Droits de tirage,YP,10400
2015/1484/939,tournée de Mountain Men,Spectacles vivants / Droits de tirage,SARL ECHO PRODUCTIONS,5125
2015/1/545,tournée de Thomas Dutronc,Spectacles vivants / Droits de tirage,UNIVERSAL MUSIC FRANCE,17548
2015/2468/111,tournée de Black Bomb A,Spectacles vivants / Droits de tirage,VERYCORDS,6857
2015/4/861,tournée de Johnny Hallyday,Spectacles vivants / Droits de tirage,WARNER MUSIC FRANCE,9953
2015/4/270,tournée de Sianna,Spectacles vivants / Droits de tirage,WARNER MUSIC FRANCE,4000
2015/4/377,CD « Les stars font leur cinéma »,Musique / Droits de tirage,WARNER MUSIC FRANCE,47136
2015/1672/715,CD de Keen'V,Musique / Droits de tirage,YP,32578
2015/2422/346,"vidéo « Darling » de Théodore, Paul & Gabriel »",Vidéo / Droits de tirage,BELLEVILLE MUSIQUE,8260
2015/390/364,vidéo « Résiste »,Vidéo / Droits de tirage,CMBM,8049
2015/1579/117,vidéo « Discoteka » de Kamaléon,Vidéo / Droits de tirage,LES EDITIONS GERARD TEMPESTI,7744
2015/2739/892,vidéo « Kidiye » de Bana C4,Vidéo / Droits de tirage,MUKONGO BUSINESS LTD,8488
2015/2739/882,vidéo « Teranga » de Sam's,Vidéo / Droits de tirage,MUKONGO BUSINESS LTD,10284
2015/560/260,video « Castle In The Snow de The Avener »,Vidéo / Droits de tirage,SERIAL RECORDS,14000
2015/1135/228,vidéo « Repenti » de Sinik,Vidéo / Droits de tirage,SIX-O-NINE,6324
2015/63/871,vidéo « Es-tu validé ? » de La Fouine,Vidéo / Droits de tirage,SONY MUSIC FRANCE,10000
2015/63/877,vidéo « La bicyclette » de Lambert Wilson,Vidéo / Droits de tirage,SONY MUSIC FRANCE,2000
2015/63/881,vidéo « Lights on  » de Griefjoy,Vidéo / Droits de tirage,SONY MUSIC FRANCE,5000
2015/63/879,vidéo « Pour être deux » de Rose,Vidéo / Droits de tirage,SONY MUSIC FRANCE,10000
2015/63/889,vidéo « Sacrifice » de TLF,Vidéo / Droits de tirage,SONY MUSIC FRANCE,10000
2015/1584/261,vidéo « Shooting Star » de Benjamin Braxton,Vidéo / Droits de tirage,SOUND4LABEL SARL,3463
2015/1/980,vidéo « Alien » de Rimk,Vidéo / Droits de tirage,UNIVERSAL MUSIC FRANCE,14015
2015/1/235,vidéo « Allongés dans l'herbe » de Thomas Dutronc,Vidéo / Droits de tirage,UNIVERSAL MUSIC FRANCE,17498
2015/1/353,vidéo « Backinbizness » de Joris Delacroix,Vidéo / Droits de tirage,UNIVERSAL MUSIC FRANCE,7400
2015/1/358,vidéo « Bella Ciao » de Battista Acquaviva,Vidéo / Droits de tirage,UNIVERSAL MUSIC FRANCE,6478
2015/1/542,vidéo « Bienvenue » d'Emmanuel Moire,Vidéo / Droits de tirage,UNIVERSAL MUSIC FRANCE,14941
2015/1/129,vidéo « Bouteilles et Glock » de Dosseh & Kaaris,Vidéo / Droits de tirage,UNIVERSAL MUSIC FRANCE,5037
2015/1/540,vidéo « Bus stop in the rain » de Simon LeSaint,Vidéo / Droits de tirage,UNIVERSAL MUSIC FRANCE,13230
2015/1/137,vidéo « Chaos Moderne » de Max Edwards,Vidéo / Droits de tirage,UNIVERSAL MUSIC FRANCE,4520
2015/1/355,vidéo « Cliché cosmique » de Mathieu Saikaly,Vidéo / Droits de tirage,UNIVERSAL MUSIC FRANCE,4000
2015/1/257,"vidéo « Comme d'hab""de BigFlo & Oli",Vidéo / Droits de tirage,UNIVERSAL MUSIC FRANCE,4000
2015/1/541,vidéo « Cool » de Kendji,Vidéo / Droits de tirage,UNIVERSAL MUSIC FRANCE,19142
2015/1/112,vidéo « Dans son sac » d'Alonzo,Vidéo / Droits de tirage,UNIVERSAL MUSIC FRANCE,6000
2015/1/343,vidéo « Dis le moi » de Jali,Vidéo / Droits de tirage,UNIVERSAL MUSIC FRANCE,3901
2015/1/250,vidéo « Dis leur » de Fababy,Vidéo / Droits de tirage,UNIVERSAL MUSIC FRANCE,5600
2015/1/609,vidéo « Discold » de Zazie,Vidéo / Droits de tirage,UNIVERSAL MUSIC FRANCE,15575
2015/1/863,vidéo « Fou à lier » de Feu! Chatterton,Vidéo / Droits de tirage,UNIVERSAL MUSIC FRANCE,4015.1
2015/1/550,vidéo « Get up stand up » de Tiken Jah Fakoly,Vidéo / Droits de tirage,UNIVERSAL MUSIC FRANCE,17773
2015/1/130,vidéo « Je reviens » de Jean-Baptiste Maunier,Vidéo / Droits de tirage,UNIVERSAL MUSIC FRANCE,12574
2015/1/136,vidéo « Je suis moi » de Nach,Vidéo / Droits de tirage,UNIVERSAL MUSIC FRANCE,11823
2015/1/354,vidéo « Je suis un homme » de Maximilien Philippe,Vidéo / Droits de tirage,UNIVERSAL MUSIC FRANCE,6400
2015/1/467,vidéo « Jeune » de Louane,Vidéo / Droits de tirage,UNIVERSAL MUSIC FRANCE,20258
2015/1/248,vidéo « La Foudre » de Marvin Dupré,Vidéo / Droits de tirage,UNIVERSAL MUSIC FRANCE,4991
2015/1/259,vidéo « La France » - Mickael Miro et Aurore Delplace,Vidéo / Droits de tirage,UNIVERSAL MUSIC FRANCE,19085
2015/1/469,vidéo « La rupture » de Laurie Darmon,Vidéo / Droits de tirage,UNIVERSAL MUSIC FRANCE,8966
2015/1/135,vidéo « La vague » de Izia,Vidéo / Droits de tirage,UNIVERSAL MUSIC FRANCE,20339
2015/1/472,vidéo « Là-Haut » de 3010,Vidéo / Droits de tirage,UNIVERSAL MUSIC FRANCE,1393
2015/1/268,vidéo « Last Night of February » de Thomas Encho,Vidéo / Droits de tirage,UNIVERSAL MUSIC FRANCE,4898
2015/1/128,vidéo « Le prix du paradis » de Tiken Jah Fakoly,Vidéo / Droits de tirage,UNIVERSAL MUSIC FRANCE,2668
2015/1/357,vidéo « Le psaume de David » de Battista Acquaviva,Vidéo / Droits de tirage,UNIVERSAL MUSIC FRANCE,7325
2015/1/133,vidéo « Les amis » de Julie Zenatti,Vidéo / Droits de tirage,UNIVERSAL MUSIC FRANCE,8400
2015/1/267,vidéo « Letting you go » de Thomas Encho,Vidéo / Droits de tirage,UNIVERSAL MUSIC FRANCE,4471
2015/1/254,vidéo « Lhomme au Bob » de Gradur,Vidéo / Droits de tirage,UNIVERSAL MUSIC FRANCE,12530
2015/1/470,vidéo « Ma rime » de Kool Shen,Vidéo / Droits de tirage,UNIVERSAL MUSIC FRANCE,3219
2015/1/473,vidéo « Melhia » de DJ Hamida,Vidéo / Droits de tirage,UNIVERSAL MUSIC FRANCE,6018
2015/1/468,vidéo « My love for ever more » d'Arielle Dombasle,Vidéo / Droits de tirage,UNIVERSAL MUSIC FRANCE,12421
2015/1/800,vidéo « Nos secrets » de Louane,Vidéo / Droits de tirage,UNIVERSAL MUSIC FRANCE,16678
2015/1/256,vidéo « Nous aussi » de BigFlo & Oli,Vidéo / Droits de tirage,UNIVERSAL MUSIC FRANCE,4800
2015/1/539,vidéo « Octobre » de Lilian Renaud,Vidéo / Droits de tirage,UNIVERSAL MUSIC FRANCE,4002
2015/1/113,vidéo « Qui je suis » de Thomas Dutronc,Vidéo / Droits de tirage,UNIVERSAL MUSIC FRANCE,13549
2015/1/543,vidéo « Revoir Paris » de Biolay/Fiszman/Bennarosh,Vidéo / Droits de tirage,UNIVERSAL MUSIC FRANCE,12206
2015/1/597,vidéo « Summer » de Aufgang,Vidéo / Droits de tirage,UNIVERSAL MUSIC FRANCE,15857
2015/1/356,vidéo « The hanging tree » de Blankets,Vidéo / Droits de tirage,UNIVERSAL MUSIC FRANCE,5080
2015/1/347,vidéo « Toboggan » de Emji,Vidéo / Droits de tirage,UNIVERSAL MUSIC FRANCE,12585
2015/1/134,vidéo « Tous les deux » de Jonah,Vidéo / Droits de tirage,UNIVERSAL MUSIC FRANCE,6000
2015/1/110,vidéo « La Mala » de Fababy,Vidéo / Droits de tirage,UNIVERSAL MUSIC FRANCE,4000
